Name,Age,Overall,Potential,Club,Nationality,Position,Wage,Value,SprintSpeed,Acceleration,Skill Moves,Contract Valid Until
Player_1,23,63,64,Barcelona,Croatia,ST,8188,671416,96,66,1,2025
Player_2,36,68,79,Real Madrid,Argentina,CAM,28311,4671315,54,30,4,2020
Player_3,31,87,92,Liverpool,Romania,LW,143778,28611822,59,81,5,2020
Player_4,27,73,83,PSG,France,CB,27212,3374288,71,33,2,2024
Player_5,24,77,77,PSG,Germany,LW,50878,814048,90,68,1,2022
Player_6,37,59,61,Manchester City,Netherlands,CM,25341,2255349,70,70,3,2025
Player_7,23,95,99,Barcelona,Romania,CAM,16025,2451825,60,78,5,2024
Player_8,42,90,93,Arsenal,Romania,CM,206688,21908928,69,69,2,2019
Player_9,35,85,87,Barcelona,Belgium,CM,26325,342225,60,99,4,2023
Player_10,39,80,89,Atletico Madrid,Portugal,CB,112262,1459406,79,73,2,2019
Player_11,27,72,84,Juventus,France,LB,13065,1463280,59,85,5,2020
Player_12,27,76,80,Real Madrid,Spain,CM,11983,587167,62,59,5,2023
Player_13,40,82,92,Real Madrid,Romania,CAM,1581,41106,87,71,2,2024
Player_14,37,65,72,Barcelona,Germany,LW,52729,5800190,58,93,4,2019
Player_15,20,67,77,PSG,Spain,CDM,22984,2574208,48,66,2,2021
Player_16,24,55,58,PSG,Spain,CAM,99886,13284838,71,72,5,2022
Player_17,40,64,64,Arsenal,Argentina,RW,32047,1954867,64,84,5,2025
Player_18,19,88,98,Atletico Madrid,Brazil,GK,172404,10516644,77,58,3,2025
Player_19,38,68,74,Real Madrid,Brazil,LW,10260,1774980,74,37,3,2022
Player_20,37,68,75,Arsenal,Spain,CB,101484,13497372,69,73,1,2021
Player_21,18,75,77,PSG,Italy,CM,74938,13114150,69,84,5,2020
Player_22,40,55,60,Arsenal,Belgium,CDM,73684,13778908,58,49,3,2023
Player_23,28,81,82,Juventus,France,CM,93146,6706512,71,80,2,2022
Player_24,22,84,90,PSG,Italy,CB,71569,8946125,83,80,4,2021
Player_25,18,75,89,Chelsea,England,CAM,49204,3493484,55,35,2,2024
Player_26,44,88,95,Atletico Madrid,Romania,,7034,112544,69,55,4,2025
Player_27,37,58,63,Liverpool,Belgium,,1653,271092,85,64,3,2021
Player_28,17,90,95,Real Madrid,Spain,RW,126819,12808719,77,67,1,2020
Player_29,28,64,68,Manchester City,Croatia,LW,47940,1102620,89,58,2,2020
Player_30,42,59,66,Juventus,Croatia,CAM,79613,7563235,61,58,2,2019
Player_31,38,69,69,Bayern Munich,England,GK,32842,4663564,42,95,2,2022
Player_32,28,90,99,Liverpool,Italy,RB,6238,1197696,73,68,4,2019
Player_33,41,71,74,Manchester City,England,RW,6687,929493,75,59,3,2025
Player_34,33,62,76,PSG,Spain,CM,57848,4107208,90,69,2,2021
Player_35,43,59,62,Bayern Munich,Argentina,ST,28132,4444856,87,78,2,2023
Player_36,43,70,72,Barcelona,Romania,LW,11189,984632,78,70,1,2023
Player_37,26,52,54,Barcelona,Croatia,LW,33823,5344034,81,66,1,2020
Player_38,44,58,61,Juventus,Brazil,GK,3318,487746,67,60,3,2023
Player_39,44,87,97,Barcelona,France,RB,43610,2921870,51,60,3,2023
Player_40,32,85,85,Bayern Munich,England,CDM,15666,2020914,71,61,5,2025
Player_41,31,70,83,Bayern Munich,Spain,RW,79865,14056240,84,75,1,2023
Player_42,31,67,77,Atletico Madrid,Argentina,,18579,2638218,79,55,5,2021
Player_43,35,72,84,Liverpool,Croatia,CDM,30368,2247232,82,75,4,2023
Player_44,28,95,99,Real Madrid,Netherlands,,1000,22000,63,91,5,2024
Player_45,39,76,77,Chelsea,Italy,LW,3760,714400,66,74,2,2023
Player_46,36,81,89,Arsenal,Brazil,CB,24919,2267629,77,64,5,2023
Player_47,41,69,78,Barcelona,Netherlands,GK,32690,5949580,61,50,3,2019
Player_48,19,72,73,Juventus,Spain,ST,45817,7743073,62,93,4,2021
Player_49,21,78,82,Barcelona,France,RB,17241,2982693,74,52,2,2020
Player_50,35,73,81,Arsenal,Italy,LB,59369,11695693,81,82,5,2019
Player_51,23,53,61,Liverpool,Argentina,CDM,98349,14555652,67,79,4,2022
Player_52,37,84,91,Atletico Madrid,Italy,RW,75672,11956176,52,66,4,2021
Player_53,25,65,65,Bayern Munich,Romania,GK,2021,123281,58,66,2,2024
Player_54,23,93,93,Atletico Madrid,Netherlands,RW,32745,6287040,73,42,5,2021
Player_55,34,78,86,PSG,Netherlands,CAM,5542,698292,72,74,4,2022
Player_56,20,72,84,Barcelona,Belgium,CB,13856,484960,73,79,4,2022
Player_57,41,76,86,Real Madrid,Portugal,,215859,9281937,77,53,1,2022
Player_58,44,70,77,PSG,Italy,CB,7686,468846,70,67,4,2025
Player_59,30,67,76,Liverpool,Belgium,,34546,4180066,73,70,1,2020
Player_60,34,74,82,Barcelona,Croatia,CB,48137,4380467,69,78,5,2023
Player_61,42,80,86,PSG,Netherlands,LB,60611,11455479,87,70,5,2021
Player_62,25,67,69,Barcelona,England,LW,41009,6807494,91,45,5,2025
Player_63,42,65,67,Juventus,Netherlands,CDM,1000,175000,52,62,3,2023
Player_64,37,68,69,Liverpool,Italy,RW,19760,1007760,66,73,5,2023
Player_65,18,81,85,Chelsea,Argentina,CDM,36460,1093800,70,82,4,2024
Player_66,36,86,97,Bayern Munich,Croatia,CAM,4598,234498,65,60,2,2022
Player_67,44,75,86,Manchester City,Italy,LW,21587,3238050,96,99,1,2020
Player_68,31,77,79,Bayern Munich,Italy,LW,1688,205936,73,41,3,2024
Player_69,44,65,78,Bayern Munich,Germany,RB,4091,466374,57,61,5,2019
Player_70,23,80,85,PSG,Spain,LW,25285,657410,78,68,5,2025
Player_71,28,77,78,Liverpool,Romania,RW,7119,918351,74,66,2,2025
Player_72,24,64,75,Barcelona,Germany,LB,41913,6119298,74,51,2,2020
Player_73,31,54,56,Atletico Madrid,Netherlands,CAM,58472,10408016,97,76,3,2023
Player_74,19,59,63,Manchester City,Italy,RB,80618,11125284,75,75,1,2025
Player_75,30,65,76,Arsenal,Romania,ST,11166,1552074,65,70,5,2020
Player_76,33,83,93,PSG,Spain,RW,9165,632385,40,74,3,2025
Player_77,20,87,97,Manchester City,Germany,LB,5522,314754,67,63,4,2025
Player_78,34,67,67,Chelsea,Italy,CB,50589,1922382,89,45,4,2022
Player_79,24,67,79,Juventus,France,CDM,61289,6496634,68,59,3,2019
Player_80,20,74,74,Liverpool,Croatia,,1604,30476,36,72,5,2022
Player_81,18,72,81,Arsenal,Germany,,137609,9219803,62,72,3,2019
Player_82,22,81,89,PSG,Spain,RW,2668,525596,84,70,5,2025
Player_83,38,66,72,Bayern Munich,Germany,CDM,38967,1169010,78,78,2,2024
Player_84,26,81,81,Real Madrid,Portugal,GK,61732,2284084,57,61,3,2023
Player_85,20,69,83,PSG,Portugal,CDM,102385,4402555,61,70,5,2025
Player_86,38,80,91,Real Madrid,Netherlands,CDM,62603,1064251,63,78,3,2019
Player_87,34,69,82,Bayern Munich,France,ST,80905,15857380,60,68,3,2019
Player_88,42,65,72,Juventus,Argentina,ST,20734,3856524,39,51,5,2019
Player_89,28,91,93,Liverpool,Argentina,LW,84322,7420336,81,55,5,2025
Player_90,18,82,89,Barcelona,Spain,LB,4175,642950,88,82,1,2020
Player_91,26,54,68,PSG,England,LW,112602,22182594,47,90,3,2024
Player_92,20,67,71,Atletico Madrid,Croatia,RW,39658,3807168,88,87,4,2020
Player_93,30,84,84,Bayern Munich,Argentina,LW,84994,8244418,68,73,3,2023
Player_94,32,60,66,PSG,Croatia,CM,30103,5478746,88,51,3,2025
Player_95,31,79,83,Chelsea,Spain,CM,51581,4023318,70,69,5,2019
Player_96,24,78,83,Juventus,France,RW,37369,6315361,72,93,3,2024
Player_97,30,65,70,Chelsea,England,RW,65761,11902741,75,79,3,2024
Player_98,39,71,78,Manchester City,England,CAM,4257,408672,58,66,4,2021
Player_99,44,51,59,Liverpool,Portugal,LW,3112,342320,87,79,5,2023
Player_100,41,89,90,Manchester City,Netherlands,CM,14191,241247,53,50,3,2024
Player_101,24,68,76,PSG,Italy,RB,8690,747340,63,59,2,2025
Player_102,37,80,91,Arsenal,England,RB,102701,9859296,77,53,1,2019
Player_103,32,78,92,Arsenal,Brazil,ST,12372,643344,62,77,4,2019
Player_104,29,85,95,Liverpool,Spain,CAM,186205,25696290,81,80,3,2024
Player_105,34,67,76,Atletico Madrid,England,RB,20541,2423838,90,67,2,2020
Player_106,31,74,82,Juventus,England,CAM,10051,1889588,85,56,3,2023
Player_107,37,77,89,Atletico Madrid,Belgium,GK,77960,12551560,40,69,3,2019
Player_108,40,80,89,Juventus,Croatia,CM,53750,8653750,71,62,5,2024
Player_109,42,83,97,Bayern Munich,Brazil,LW,34477,896402,85,58,5,2019
Player_110,41,67,76,PSG,Belgium,CAM,40524,5754408,50,75,5,2024
Player_111,44,65,71,Manchester City,England,,63505,9970285,80,58,2,2023
Player_112,44,85,85,Arsenal,Italy,LB,12967,389010,80,46,3,2024
Player_113,44,51,57,Chelsea,Brazil,LW,280431,18788877,51,49,1,2021
Player_114,29,87,96,Barcelona,Portugal,GK,184031,30917208,82,45,4,2024
Player_115,25,68,72,Real Madrid,Germany,LB,52537,6251903,74,73,5,2024
Player_116,31,71,76,Barcelona,England,RW,11128,1646944,79,72,5,2025
Player_117,29,65,74,Manchester City,England,ST,57007,10774323,55,71,3,2023
Player_118,17,71,77,Manchester City,Netherlands,CM,3746,569392,72,78,3,2025
Player_119,41,84,97,Juventus,Croatia,CB,1556,224064,44,87,2,2024
Player_120,23,79,93,Atletico Madrid,Croatia,LW,14898,551226,35,61,2,2023
Player_121,25,76,80,Barcelona,Netherlands,CB,31052,1863120,72,76,5,2021
Player_122,40,72,78,Juventus,Belgium,RW,101350,19763250,86,46,3,2023
Player_123,17,57,65,Juventus,Spain,LW,64945,909230,73,90,1,2019
Player_124,28,63,65,Atletico Madrid,Italy,GK,67876,950264,69,51,4,2025
Player_125,24,68,75,Chelsea,Spain,LB,27712,2854336,67,59,3,2023
Player_126,40,76,77,Arsenal,Germany,CAM,21227,2228835,55,61,3,2021
Player_127,27,72,82,Liverpool,England,LB,23184,394128,66,47,2,2022
Player_128,35,81,87,Arsenal,Italy,CB,219703,16038319,76,70,4,2024
Player_129,33,76,88,Real Madrid,Brazil,LW,2046,300762,63,73,5,2023
Player_130,24,72,73,Barcelona,England,CDM,100882,4741454,81,67,3,2024
Player_131,19,94,99,Arsenal,Portugal,CM,43217,5186040,72,46,5,2020
Player_132,19,76,89,Liverpool,Romania,ST,28867,3492907,74,99,3,2019
Player_133,17,67,70,Bayern Munich,Romania,CAM,64596,5813640,83,78,5,2025
Player_134,43,90,96,Barcelona,England,CB,33341,4834445,62,99,4,2019
Player_135,21,84,86,Liverpool,Croatia,CM,103345,11677985,79,57,2,2020
Player_136,26,90,91,Juventus,Argentina,RW,115481,18707922,64,84,4,2020
Player_137,23,70,80,Manchester City,Italy,CAM,27384,2245488,75,81,1,2025
Player_138,42,81,90,Chelsea,Argentina,CM,16205,3030335,60,65,2,2023
Player_139,25,57,63,Real Madrid,Belgium,LW,44867,2602286,56,91,4,2020
Player_140,44,79,79,Liverpool,Netherlands,,121727,5477715,71,63,1,2022
Player_141,23,70,83,Arsenal,Brazil,GK,11828,1596780,41,64,3,2024
Player_142,25,58,72,Manchester City,England,ST,48771,3755367,65,20,3,2024
Player_143,24,82,89,Arsenal,Belgium,CB,49923,4343301,45,76,5,2021
Player_144,28,53,55,Barcelona,Belgium,RB,66046,7529244,81,50,2,2020
Player_145,18,52,63,Liverpool,Romania,CDM,7053,1255434,85,61,3,2020
Player_146,17,75,86,Arsenal,Brazil,,62908,8240948,57,54,2,2022
Player_147,32,77,89,Atletico Madrid,France,CB,119862,15342336,76,64,3,2019
Player_148,39,81,82,PSG,Romania,CAM,9903,1970697,83,76,5,2019
Player_149,39,79,81,Manchester City,England,CB,13560,1667880,83,70,4,2024
Player_150,40,86,90,Bayern Munich,Argentina,CB,177708,3376452,73,80,5,2024
Player_151,21,79,89,Manchester City,Italy,LW,9982,1577156,81,88,1,2023
Player_152,19,70,77,Arsenal,Argentina,LB,96339,16666647,60,64,3,2025
Player_153,28,71,80,Arsenal,Brazil,CDM,33891,5049759,71,62,1,2022
Player_154,24,69,75,Real Madrid,Germany,GK,14199,1419900,62,84,1,2025
Player_155,38,74,80,Atletico Madrid,England,GK,102300,1125300,58,85,2,2025
Player_156,43,61,72,Bayern Munich,Portugal,CM,29466,3742182,70,81,3,2021
Player_157,19,75,81,Chelsea,Spain,GK,36161,795542,75,55,1,2025
Player_158,17,71,85,Real Madrid,Italy,CDM,22254,4228260,87,76,4,2021
Player_159,19,74,81,Barcelona,Portugal,CM,44941,7595029,73,71,1,2025
Player_160,21,74,74,Bayern Munich,Portugal,CM,8927,928408,79,85,4,2022
Player_161,31,47,50,Liverpool,England,CAM,24803,3794859,79,61,2,2021
Player_162,30,62,74,PSG,Germany,LB,174357,7148637,99,45,1,2019
Player_163,19,70,75,Real Madrid,England,RB,14929,612089,42,80,5,2021
Player_164,17,71,79,PSG,Germany,RW,53462,7110446,59,31,2,2021
Player_165,21,74,86,Atletico Madrid,France,CAM,19666,393320,92,59,4,2022
Player_166,42,75,76,Barcelona,Italy,ST,74244,1410636,64,54,2,2022
Player_167,39,87,87,Barcelona,Brazil,LB,7013,168312,83,54,1,2021
Player_168,30,75,87,Chelsea,Croatia,LB,175030,4550780,73,58,3,2020
Player_169,23,68,77,Barcelona,Netherlands,LB,30237,5351949,99,88,3,2022
Player_170,43,56,67,Arsenal,Brazil,CB,13462,2086610,53,82,4,2023
Player_171,25,58,71,Manchester City,Portugal,ST,3816,732672,88,66,4,2023
Player_172,31,77,78,Manchester City,Spain,CAM,9301,1506762,96,87,3,2019
Player_173,31,82,88,Chelsea,Romania,ST,36674,2493832,54,54,4,2025
Player_174,42,87,89,Arsenal,France,RB,20549,1787763,81,52,2,2021
Player_175,26,63,72,Manchester City,Romania,LW,88270,11739910,55,82,5,2020
Player_176,44,68,69,Liverpool,Brazil,ST,28183,3466509,70,78,5,2019
Player_177,29,74,87,Arsenal,Brazil,,14298,443238,66,63,2,2021
Player_178,35,92,99,Atletico Madrid,Spain,RB,48004,8016668,33,52,5,2022
Player_179,23,73,79,Juventus,Spain,LW,61341,11102721,76,91,1,2023
Player_180,33,87,99,PSG,Brazil,CDM,9138,374658,72,44,2,2024
Player_181,36,73,85,Arsenal,Belgium,LW,9173,1724524,92,61,4,2020
Player_182,20,83,84,PSG,Argentina,CDM,1868,341844,79,73,2,2024
Player_183,21,82,84,Liverpool,Spain,GK,66666,8133252,99,97,3,2023
Player_184,39,73,83,Juventus,Argentina,LW,54503,7030887,71,75,4,2025
Player_185,23,61,67,Bayern Munich,Italy,CDM,32182,5084756,68,77,3,2025
Player_186,29,69,82,Chelsea,Romania,RW,92949,12176319,67,61,4,2024
Player_187,31,86,89,Arsenal,France,LB,81909,3358269,63,78,5,2022
Player_188,27,80,92,Chelsea,Belgium,CB,44016,5634048,36,71,2,2021
Player_189,20,67,80,Barcelona,Spain,LW,101350,4864800,66,46,1,2022
Player_190,29,68,68,PSG,Italy,CM,11523,241983,38,81,4,2024
Player_191,23,54,66,PSG,Croatia,ST,5934,1091856,76,84,4,2022
Player_192,43,86,99,Barcelona,Germany,CDM,15718,424386,51,82,3,2023
Player_193,35,80,84,Bayern Munich,Portugal,CAM,2939,464362,56,70,5,2020
Player_194,38,70,81,Real Madrid,Argentina,CDM,37875,5681250,59,55,3,2022
Player_195,44,74,82,Atletico Madrid,Belgium,LW,137919,21791202,66,35,3,2023
Player_196,18,50,57,Arsenal,Belgium,CDM,2006,270810,70,72,5,2020
Player_197,26,67,78,PSG,Croatia,RB,6511,944095,86,86,1,2025
Player_198,29,85,99,Atletico Madrid,Croatia,CAM,30092,1655060,61,84,3,2021
Player_199,41,81,89,PSG,France,LW,135810,15346530,77,82,3,2024
Player_200,37,75,84,Real Madrid,Argentina,CB,19001,2736144,99,68,4,2025
Player_201,22,71,84,Barcelona,Germany,RB,35386,5661760,75,86,5,2021
Player_202,44,79,87,Real Madrid,France,CAM,2123,201685,67,83,2,2025
Player_203,44,69,83,PSG,Belgium,ST,8028,1276452,58,63,1,2019
Player_204,28,55,61,Barcelona,Brazil,CM,215737,21142226,67,80,1,2025
Player_205,28,71,74,Real Madrid,Germany,ST,167790,5201490,56,61,5,2023
Player_206,36,76,80,Bayern Munich,Belgium,CDM,1000,101000,74,78,4,2020
Player_207,27,83,83,Barcelona,Romania,CDM,151632,5762016,71,50,4,2025
Player_208,42,57,70,Arsenal,England,GK,50960,1121120,37,51,5,2022
Player_209,39,70,70,PSG,England,CAM,101216,1113376,69,85,4,2021
Player_210,44,71,73,Liverpool,Croatia,CDM,30324,1152312,86,84,1,2025
Player_211,41,60,72,Chelsea,Spain,GK,36241,6849549,64,79,1,2020
Player_212,23,76,89,PSG,France,ST,33554,1207944,60,71,2,2023
Player_213,17,79,86,Arsenal,Belgium,,54960,3242640,49,34,5,2019
Player_214,17,69,82,Manchester City,Croatia,ST,7520,782080,42,68,3,2021
Player_215,41,92,93,Atletico Madrid,Romania,LW,1521,243360,82,76,3,2024
Player_216,43,68,71,Atletico Madrid,Spain,CDM,18403,1785091,67,61,2,2020
Player_217,41,67,68,Chelsea,France,RB,60984,3232152,81,59,2,2024
Player_218,36,67,80,PSG,Croatia,,11273,349463,92,91,4,2020
Player_219,29,63,67,Chelsea,Germany,CM,55955,10071900,83,69,2,2020
Player_220,25,66,74,Juventus,Romania,RB,175181,30481494,61,76,2,2023
Player_221,19,57,57,PSG,Belgium,,4930,976140,72,81,3,2023
Player_222,23,70,74,Barcelona,France,ST,55828,5917768,60,54,4,2023
Player_223,22,72,85,Barcelona,Belgium,CDM,29326,5659918,59,72,2,2025
Player_224,24,49,63,Juventus,Brazil,LB,101301,1215612,75,89,2,2022
Player_225,43,70,78,Bayern Munich,Portugal,CB,9749,1238123,57,97,4,2020
Player_226,25,72,86,Juventus,Netherlands,GK,58984,1651552,36,70,5,2021
Player_227,21,77,77,Juventus,England,,91043,2913376,56,66,4,2024
Player_228,17,84,92,Chelsea,Romania,LW,144671,24015386,65,74,3,2023
Player_229,35,80,87,Real Madrid,Portugal,GK,57481,2241759,92,73,5,2025
Player_230,26,65,68,Barcelona,France,ST,34375,1650000,62,90,1,2023
Player_231,28,64,75,Real Madrid,Netherlands,CM,48096,5627232,77,55,4,2024
Player_232,40,77,87,Juventus,Romania,LB,101591,12190920,67,65,3,2024
Player_233,31,66,75,Bayern Munich,Portugal,CB,42269,1437146,88,53,5,2020
Player_234,43,59,63,Barcelona,Brazil,CDM,1542,211254,87,54,4,2023
Player_235,38,95,99,PSG,England,CM,133645,16037400,87,75,2,2024
Player_236,40,68,72,PSG,Italy,CAM,58482,8479890,43,82,4,2022
Player_237,25,65,75,PSG,France,LB,56429,6489335,73,60,1,2022
Player_238,36,50,61,Arsenal,England,RB,12146,2368470,81,81,4,2023
Player_239,33,80,85,Chelsea,Portugal,LB,53776,8227728,75,86,5,2025
Player_240,33,62,68,Manchester City,Romania,RW,25032,2027592,79,99,5,2024
Player_241,42,72,79,Juventus,Italy,CM,52667,7268046,70,71,4,2020
Player_242,36,81,95,Manchester City,Croatia,RW,5635,659295,58,60,5,2020
Player_243,28,62,75,Liverpool,Argentina,RW,53624,750736,44,54,2,2025
Player_244,23,72,79,Chelsea,England,CDM,372086,4465032,60,53,4,2020
Player_245,18,87,97,PSG,Argentina,LB,2470,348270,99,88,2,2019
Player_246,19,47,60,Barcelona,Croatia,CDM,188993,21356209,62,47,2,2023
Player_247,33,63,75,Chelsea,Netherlands,LW,26120,1906760,40,88,3,2020
Player_248,21,62,63,Arsenal,Romania,CDM,102301,11764615,80,56,4,2022
Player_249,33,70,78,Barcelona,Germany,,76251,8158857,82,59,5,2024
Player_250,40,71,77,Real Madrid,Belgium,,41852,795188,89,67,2,2021
Player_251,33,61,64,Arsenal,Netherlands,LW,67056,10594848,77,59,3,2025
Player_252,43,65,68,Real Madrid,Italy,CB,105398,14439526,82,83,4,2021
Player_253,33,64,74,Barcelona,Italy,LB,25887,1423785,97,97,4,2020
Player_254,18,68,75,PSG,England,RB,19802,3247528,58,60,1,2021
Player_255,18,74,77,Manchester City,Croatia,CAM,55069,4130175,55,63,1,2021
Player_256,44,81,93,Juventus,Belgium,RW,82472,14680016,53,67,2,2019
Player_257,38,82,96,Chelsea,Germany,CM,71834,8691914,66,78,1,2022
Player_258,39,78,83,Chelsea,Portugal,CB,79928,1758416,91,67,2,2025
Player_259,21,63,67,PSG,Spain,CAM,28598,4175308,77,90,5,2022
Player_260,17,71,73,Juventus,France,GK,85141,14729393,77,87,2,2019
Player_261,17,95,99,Real Madrid,Germany,CDM,6403,608285,42,52,1,2019
Player_262,35,82,95,Manchester City,Italy,RW,39316,3892284,59,77,5,2021
Player_263,18,67,76,Juventus,Spain,,1000,67000,42,92,1,2023
Player_264,37,87,97,Real Madrid,Italy,LW,19621,1236123,87,62,2,2024
Player_265,28,68,69,Juventus,Belgium,CM,22821,479241,93,65,3,2024
Player_266,42,65,73,Liverpool,Belgium,CDM,25223,580129,81,62,4,2021
Player_267,22,85,94,Chelsea,Romania,ST,59448,7728240,55,62,1,2024
Player_268,39,58,66,Liverpool,England,CAM,24596,4205916,92,44,2,2019
Player_269,20,52,52,Juventus,Portugal,CM,29773,5656870,66,50,5,2022
Player_270,39,81,90,Arsenal,Brazil,,13560,1762800,51,71,1,2024
Player_271,27,72,74,Chelsea,Italy,RB,23360,677440,55,92,1,2025
Player_272,40,73,80,Manchester City,Portugal,LW,12891,1082844,63,60,4,2021
Player_273,43,68,73,PSG,Argentina,GK,3800,581400,70,60,2,2023
Player_274,33,69,73,Liverpool,Italy,ST,46247,3653513,67,95,3,2021
Player_275,22,67,71,PSG,Spain,RW,55163,3585595,48,53,5,2020
Player_276,40,65,70,Real Madrid,Portugal,CM,48312,5314320,88,45,2,2021
Player_277,21,68,82,Atletico Madrid,Germany,ST,31133,6070935,67,57,5,2019
Player_278,36,67,73,Arsenal,Portugal,RB,23884,3367644,59,60,1,2022
Player_279,18,63,63,Real Madrid,Germany,CB,99510,11941200,86,43,4,2022
Player_280,22,66,74,Bayern Munich,Belgium,LW,36602,4904668,52,68,4,2025
Player_281,38,46,48,Real Madrid,Croatia,CDM,32617,4598997,45,84,3,2024
Player_282,27,78,81,Real Madrid,Germany,CAM,1298,37642,89,50,4,2019
Player_283,32,75,84,Atletico Madrid,Netherlands,CB,20870,3067890,98,71,1,2020
Player_284,32,71,71,Chelsea,Brazil,LB,23917,789261,63,75,3,2019
Player_285,17,74,86,Arsenal,Netherlands,GK,25443,4147209,69,68,2,2021
Player_286,25,74,84,Arsenal,Spain,GK,43395,1996170,52,72,4,2019
Player_287,44,64,73,Manchester City,France,CDM,38135,2402505,70,72,3,2019
Player_288,43,66,68,Real Madrid,Spain,LW,46812,5242944,62,57,1,2025
Player_289,22,77,78,Arsenal,Croatia,CB,72383,11436514,68,92,5,2020
Player_290,32,74,75,Barcelona,England,CB,83828,3939916,76,88,5,2021
Player_291,19,92,99,Manchester City,Italy,RB,63314,11586462,53,87,1,2023
Player_292,36,88,88,Barcelona,Netherlands,RW,155639,2023307,64,85,1,2025
Player_293,44,81,88,Atletico Madrid,Spain,LB,1000,197000,42,46,5,2023
Player_294,43,64,66,Barcelona,Croatia,CAM,10893,718938,64,83,3,2025
Player_295,20,66,68,PSG,Italy,LW,1000,182000,68,79,5,2022
Player_296,35,61,66,Juventus,Romania,CM,52131,1511799,73,46,1,2025
Player_297,42,74,86,Barcelona,Croatia,RW,114154,2968004,73,66,4,2024
Player_298,19,44,51,Atletico Madrid,Italy,CAM,13951,1785728,83,74,2,2019
Player_299,35,67,79,PSG,Italy,ST,130888,10471040,46,94,4,2022
Player_300,36,68,82,Atletico Madrid,Brazil,LB,3107,40391,47,80,4,2020
Player_301,23,56,64,Atletico Madrid,France,CAM,136236,3133428,77,57,1,2023
Player_302,36,79,87,Real Madrid,Germany,CB,21664,259968,39,95,5,2025
Player_303,25,60,63,Atletico Madrid,Spain,LW,5347,475883,72,70,3,2019
Player_304,17,74,87,Barcelona,England,,33264,6486480,52,66,4,2020
Player_305,24,99,99,Juventus,Croatia,CAM,14837,949568,93,65,5,2024
Player_306,23,55,56,Atletico Madrid,Spain,,16764,2363724,73,45,3,2020
Player_307,34,70,80,Atletico Madrid,Germany,GK,18357,2368053,66,68,4,2019
Player_308,24,67,75,Arsenal,Romania,CM,81234,2680722,88,77,3,2024
Player_309,17,65,72,Bayern Munich,Belgium,RB,38735,6623685,54,64,5,2020
Player_310,27,79,81,Liverpool,Portugal,LW,18648,3114216,56,76,2,2024
Player_311,44,83,93,PSG,Italy,,47123,4288193,51,57,5,2025
Player_312,41,79,90,Bayern Munich,Netherlands,RB,62965,9822540,57,67,1,2025
Player_313,41,64,76,PSG,Netherlands,CM,15915,2673720,70,74,3,2019
Player_314,34,96,99,Liverpool,Portugal,CB,26683,5256551,77,72,2,2019
Player_315,39,54,56,Juventus,England,CM,6498,448362,84,45,3,2024
Player_316,26,61,69,Manchester City,Croatia,RW,9992,1558752,42,63,3,2021
Player_317,19,73,74,Liverpool,Netherlands,,57146,3314468,67,95,4,2022
Player_318,23,72,83,Chelsea,Portugal,GK,10010,720720,53,62,1,2020
Player_319,44,76,85,Bayern Munich,Portugal,CAM,37239,4431441,66,70,3,2020
Player_320,32,87,95,Barcelona,Croatia,CDM,61729,9814911,99,68,5,2021
Player_321,42,70,84,Real Madrid,Italy,RB,5651,909811,74,93,5,2021
Player_322,32,73,80,Chelsea,Germany,CB,41886,4942548,83,89,4,2021
Player_323,41,66,74,Atletico Madrid,Germany,LW,14823,1259955,99,82,1,2023
Player_324,36,77,81,Atletico Madrid,Germany,CB,164743,6424977,86,55,1,2023
Player_325,44,68,78,Barcelona,Spain,RB,33038,2213546,63,75,5,2024
Player_326,33,68,78,Barcelona,France,ST,81992,10330992,50,78,2,2023
Player_327,18,77,78,Arsenal,Croatia,GK,39950,6711600,69,59,4,2025
Player_328,17,82,89,PSG,Spain,GK,2219,241871,61,56,4,2025
Player_329,32,49,60,Arsenal,Portugal,CM,50140,1403920,47,95,5,2019
Player_330,28,75,89,Liverpool,France,RB,151210,27973850,73,65,5,2024
Player_331,21,69,74,Manchester City,Croatia,LB,46016,8374912,73,94,2,2020
Player_332,21,81,88,Bayern Munich,Netherlands,ST,85515,8808045,96,84,2,2022
Player_333,43,69,79,Barcelona,Croatia,RB,107797,20697024,64,76,1,2019
Player_334,39,85,89,PSG,Argentina,CB,12943,1579046,74,76,4,2020
Player_335,25,65,74,Bayern Munich,Spain,RW,11915,2287680,60,48,4,2020
Player_336,25,49,50,Liverpool,Spain,RB,47206,7316930,83,73,5,2024
Player_337,19,82,87,Manchester City,Croatia,ST,26468,1905696,68,91,1,2021
Player_338,35,63,67,Chelsea,Italy,RB,91585,11448125,52,80,4,2021
Player_339,32,56,67,Arsenal,Germany,,115140,14047080,69,72,1,2019
Player_340,32,72,84,Liverpool,Croatia,CM,21803,1220968,75,95,1,2021
Player_341,19,69,80,Atletico Madrid,Belgium,LB,13516,892056,73,67,5,2020
Player_342,36,80,84,Arsenal,Netherlands,,75825,9629775,85,60,1,2021
Player_343,40,80,92,Real Madrid,Belgium,GK,16065,867510,48,72,2,2023
Player_344,38,72,72,Arsenal,Germany,CDM,86471,14700070,57,81,2,2021
Player_345,40,63,64,Liverpool,France,LB,27559,4244086,79,44,3,2020
Player_346,17,74,81,Barcelona,Spain,,55063,715819,59,74,5,2024
Player_347,40,73,85,Manchester City,Germany,RW,5020,788140,73,82,3,2019
Player_348,36,77,90,Liverpool,Spain,,48889,2737784,33,65,2,2022
Player_349,27,63,75,Barcelona,Portugal,LB,30052,4567904,99,86,3,2021
Player_350,33,67,69,Barcelona,Argentina,CB,44168,2473408,65,79,5,2025
Player_351,24,77,86,Arsenal,Germany,GK,9196,800052,87,99,5,2025
Player_352,20,84,86,Manchester City,Brazil,LB,66756,8878548,64,58,1,2020
Player_353,22,81,88,Liverpool,Croatia,GK,99314,8342376,76,82,4,2022
Player_354,24,72,79,Liverpool,Netherlands,CM,12214,1367968,92,54,1,2022
Player_355,36,67,68,Atletico Madrid,Argentina,RB,5030,734380,87,45,5,2023
Player_356,19,76,83,PSG,Germany,ST,1196,118404,66,39,2,2022
Player_357,32,61,71,Bayern Munich,Brazil,CM,51357,7857621,67,78,2,2025
Player_358,41,63,75,PSG,Brazil,GK,46709,3643302,85,72,1,2024
Player_359,19,87,99,Liverpool,Netherlands,LB,39559,2769130,99,62,5,2020
Player_360,41,76,76,Arsenal,Germany,CDM,13194,1939518,72,43,2,2020
Player_361,34,68,73,Chelsea,Croatia,GK,24789,1462551,99,59,5,2021
Player_362,30,80,87,Liverpool,Argentina,LB,45128,541536,66,70,2,2021
Player_363,34,84,86,Real Madrid,Romania,CAM,34335,3982860,84,81,5,2021
Player_364,18,67,74,Barcelona,Italy,RW,220256,26871232,86,69,3,2025
Player_365,38,67,78,Juventus,France,CB,7334,755402,63,73,5,2025
Player_366,19,66,66,Liverpool,Brazil,CB,59395,7543165,58,64,5,2025
Player_367,32,81,91,Real Madrid,Belgium,LW,25902,2331180,87,96,1,2025
Player_368,25,81,91,Real Madrid,Germany,LW,27948,3297864,62,54,3,2025
Player_369,20,85,93,Bayern Munich,Italy,CM,63221,3793260,56,59,4,2025
Player_370,17,82,94,Manchester City,Italy,RW,58953,9196668,59,62,1,2024
Player_371,20,55,65,Liverpool,Italy,ST,236969,42417451,61,78,4,2025
Player_372,17,74,86,Manchester City,Portugal,CB,6870,302280,82,54,2,2022
Player_373,30,61,69,Chelsea,Argentina,LW,5496,302280,77,72,4,2022
Player_374,37,66,70,Arsenal,Brazil,RW,64429,10501927,80,72,5,2023
Player_375,32,73,82,Juventus,Germany,RB,43183,3368274,76,59,4,2024
Player_376,36,80,83,Arsenal,Italy,ST,16021,1634142,61,74,1,2021
Player_377,40,63,77,Real Madrid,France,GK,4137,302001,80,54,1,2019
Player_378,24,48,58,Barcelona,France,RW,4477,778998,87,53,4,2025
Player_379,23,73,78,Barcelona,England,CDM,112305,6513690,78,71,1,2023
Player_380,19,98,99,Manchester City,Italy,LW,10651,1682858,76,45,1,2019
Player_381,33,69,75,Arsenal,France,GK,19531,1621073,58,37,4,2022
Player_382,17,72,76,Real Madrid,Belgium,GK,12851,179914,73,77,3,2023
Player_383,32,89,99,Bayern Munich,Romania,LW,21924,2389716,57,85,3,2023
Player_384,28,77,89,Atletico Madrid,Romania,CAM,3597,284163,69,62,2,2020
Player_385,43,74,83,Arsenal,Brazil,CAM,36600,3623400,45,59,1,2022
Player_386,35,76,84,Manchester City,Argentina,CB,3500,45500,45,85,4,2022
Player_387,38,74,76,Juventus,Argentina,,80561,10875735,67,52,1,2024
Player_388,39,60,74,Manchester City,Belgium,LW,13309,638832,61,49,5,2023
Player_389,38,58,64,Real Madrid,Germany,CB,38827,6678244,71,80,1,2025
Player_390,30,90,99,Liverpool,France,CB,106046,14634348,67,70,1,2022
Player_391,22,73,82,Bayern Munich,Spain,CM,52616,1736328,70,85,3,2023
Player_392,22,73,83,Real Madrid,France,ST,38066,2512356,79,37,4,2024
Player_393,29,71,75,Bayern Munich,Netherlands,LB,19602,2136618,63,48,1,2025
Player_394,35,79,92,PSG,England,CB,20248,1599592,66,70,3,2024
Player_395,38,97,99,PSG,Belgium,LB,55355,2767750,91,76,2,2020
Player_396,24,77,91,Barcelona,Belgium,CDM,256974,49082034,70,82,3,2025
Player_397,43,66,67,Bayern Munich,Belgium,ST,54211,9920613,67,72,3,2023
Player_398,43,70,73,Arsenal,Spain,ST,40797,2814993,71,72,3,2022
Player_399,18,82,83,Juventus,Netherlands,RW,65587,7673679,67,64,1,2022
Player_400,37,66,79,Atletico Madrid,England,CM,31293,6164721,59,93,1,2023
Player_401,17,80,92,Manchester City,Italy,CAM,3101,204666,55,53,2,2023
Player_402,44,48,60,PSG,Italy,ST,41310,1652400,58,75,5,2023
Player_403,31,69,80,Manchester City,Germany,RW,158060,14699580,83,55,5,2021
Player_404,17,78,84,Manchester City,Belgium,CDM,9636,1551396,60,78,5,2025
Player_405,21,84,85,Juventus,England,LW,58559,2635155,67,54,2,2022
Player_406,44,63,75,Real Madrid,Germany,RW,11215,1872905,80,81,5,2025
Player_407,32,56,69,Manchester City,Belgium,ST,38374,6178214,65,71,5,2024
Player_408,35,69,79,Bayern Munich,Belgium,CAM,5083,594711,79,96,3,2022
Player_409,20,60,60,Juventus,Brazil,CB,29925,3441375,46,65,1,2021
Player_410,19,70,78,PSG,Belgium,CB,70562,11783854,68,76,1,2023
Player_411,33,71,71,Liverpool,Croatia,RW,21352,2028440,71,58,3,2020
Player_412,33,58,65,Manchester City,France,RB,54668,7872192,70,65,3,2023
Player_413,28,80,94,Barcelona,Spain,CAM,79347,13647684,45,71,3,2023
Player_414,44,70,71,Juventus,Romania,LW,130986,25149312,88,47,1,2021
Player_415,30,82,93,Real Madrid,Spain,RB,13370,307510,57,48,5,2025
Player_416,37,53,60,Chelsea,Germany,CAM,25484,3287436,75,78,3,2022
Player_417,22,61,73,PSG,Romania,CM,8268,1215396,70,67,2,2023
Player_418,19,77,79,PSG,France,LW,244532,21763348,85,61,3,2022
Player_419,44,64,69,Chelsea,Argentina,CAM,130865,20022345,99,58,4,2019
Player_420,25,70,72,Bayern Munich,Spain,CAM,38821,7414811,50,59,3,2024
Player_421,21,72,85,Liverpool,Argentina,CB,92268,10610820,60,71,1,2025
Player_422,40,73,79,PSG,Netherlands,CM,36798,2907042,72,76,3,2022
Player_423,33,65,74,PSG,France,CAM,48853,2589209,53,38,4,2020
Player_424,30,73,81,Real Madrid,Argentina,CM,4667,382694,81,91,2,2024
Player_425,37,64,65,PSG,Brazil,CDM,70380,3800520,82,90,5,2020
Player_426,19,78,92,Juventus,England,CM,6831,1318383,78,35,3,2023
Player_427,44,70,81,Bayern Munich,Italy,LB,87454,10144664,73,86,4,2024
Player_428,17,73,84,Liverpool,Croatia,LW,76169,7083717,90,85,4,2022
Player_429,36,97,99,Barcelona,Belgium,CB,61677,5612607,52,70,2,2024
Player_430,37,60,73,Liverpool,Italy,CB,1841,213556,70,50,1,2023
Player_431,39,85,89,Bayern Munich,Germany,CB,18057,3503058,58,85,3,2021
Player_432,17,45,57,Arsenal,Brazil,CB,15266,457980,83,66,4,2025
Player_433,19,51,56,Juventus,Spain,CAM,22325,4174775,42,78,2,2020
Player_434,34,59,62,Arsenal,Germany,CB,4586,779620,69,99,5,2023
Player_435,41,60,63,Bayern Munich,Croatia,CM,138197,2211152,75,73,4,2021
Player_436,26,74,77,Real Madrid,Germany,LB,40349,3187571,55,56,2,2024
Player_437,38,74,75,Barcelona,Croatia,RW,18229,2479144,60,64,1,2024
Player_438,42,69,72,Liverpool,Italy,GK,25290,3844080,70,58,1,2023
Player_439,19,70,80,Manchester City,France,ST,29638,5008822,84,76,4,2022
Player_440,24,77,77,Atletico Madrid,Romania,RW,45888,7204416,54,57,4,2024
Player_441,30,80,91,Liverpool,Spain,RW,36250,5510000,57,62,3,2022
Player_442,40,58,63,Real Madrid,Germany,CM,125907,23292795,86,50,2,2022
Player_443,34,68,68,Barcelona,Romania,CB,34354,5427932,65,68,4,2025
Player_444,31,71,80,Atletico Madrid,Belgium,CAM,242413,43391927,58,72,3,2022
Player_445,38,76,81,Juventus,Romania,CM,95333,15539279,80,29,3,2019
Player_446,39,64,64,Bayern Munich,Spain,CAM,11691,1508139,62,73,4,2025
Player_447,18,71,76,Bayern Munich,England,GK,133389,18274293,85,69,1,2021
Player_448,43,72,81,Juventus,France,CDM,6185,933935,60,58,2,2021
Player_449,26,64,71,Atletico Madrid,Netherlands,ST,85036,5612376,67,99,2,2024
Player_450,18,64,74,Arsenal,Spain,CDM,23952,4167648,84,84,1,2024
Player_451,42,72,73,Barcelona,Romania,CM,105176,7046792,66,53,4,2022
Player_452,33,70,71,Juventus,Argentina,CB,101269,3038070,81,82,2,2025
Player_453,24,77,90,Atletico Madrid,Germany,,81975,7459725,69,88,4,2025
Player_454,17,61,75,PSG,Argentina,RW,78039,6087042,99,71,4,2019
Player_455,25,68,80,Liverpool,France,RB,18169,2543660,93,75,3,2022
Player_456,27,69,80,Real Madrid,Brazil,LB,4219,405024,50,75,1,2019
Player_457,38,80,83,Juventus,Argentina,LW,25790,4487460,77,38,4,2022
Player_458,32,62,72,Real Madrid,Germany,RB,9529,552682,57,67,5,2020
Player_459,23,74,76,Arsenal,Belgium,CB,59364,9260784,72,66,1,2020
Player_460,26,74,77,Arsenal,Croatia,CM,21240,2633760,71,91,2,2023
Player_461,39,88,99,PSG,Belgium,RW,185679,18196542,54,75,3,2022
Player_462,42,61,72,Bayern Munich,Germany,CM,51217,4814398,85,65,2,2025
Player_463,19,65,71,Juventus,Italy,CB,86433,11841321,73,68,2,2024
Player_464,34,62,74,Barcelona,France,CDM,7108,1059092,65,85,1,2021
Player_465,41,55,65,Bayern Munich,Italy,ST,99030,19607940,63,67,2,2023
Player_466,40,89,89,Atletico Madrid,Croatia,RB,128040,22791120,72,59,4,2024
Player_467,29,59,64,Bayern Munich,Germany,CAM,33380,5674600,76,65,2,2020
Player_468,44,63,77,Barcelona,Croatia,RW,46602,8714574,68,84,3,2022
Player_469,42,85,99,Liverpool,England,ST,72368,9118368,27,77,3,2023
Player_470,23,54,56,Arsenal,Germany,ST,9608,1306688,70,70,5,2022
Player_471,41,79,89,Liverpool,Netherlands,RW,34914,2793120,48,72,3,2020
Player_472,20,57,66,Juventus,Netherlands,GK,25429,2415755,66,61,2,2023
Player_473,29,84,90,Bayern Munich,Italy,ST,7913,332346,48,67,3,2020
Player_474,36,50,59,Juventus,Italy,CDM,22906,2061540,48,60,1,2019
Player_475,17,54,55,Liverpool,France,GK,3530,568330,88,65,3,2020
Player_476,24,66,79,Arsenal,Belgium,LB,1307,91490,65,90,4,2025
Player_477,30,81,82,Manchester City,Brazil,CDM,7260,508200,64,53,1,2025
Player_478,32,71,83,PSG,England,CDM,164997,17654679,77,59,5,2022
Player_479,30,68,71,Juventus,Croatia,CM,39873,1475301,64,51,4,2021
Player_480,28,85,85,Juventus,Portugal,CM,168808,32917560,99,47,2,2020
Player_481,35,93,95,Manchester City,Belgium,GK,28325,1472900,65,67,2,2024
Player_482,39,78,90,Atletico Madrid,Germany,LB,18684,3325752,75,60,2,2025
Player_483,31,65,73,Atletico Madrid,Brazil,LB,35275,6208400,84,96,4,2021
Player_484,44,67,73,Liverpool,France,ST,28947,2749965,94,65,4,2019
Player_485,18,59,73,Juventus,Spain,CAM,5583,1038438,58,89,4,2023
Player_486,18,73,79,Arsenal,Romania,CB,51197,1331122,63,84,1,2023
Player_487,39,55,67,Real Madrid,Belgium,LB,12169,1302083,89,66,1,2025
Player_488,38,77,89,Liverpool,Belgium,GK,48325,5170775,82,99,2,2021
Player_489,35,92,99,Liverpool,Brazil,CB,52519,3886406,86,74,3,2025
Player_490,41,79,82,PSG,Romania,RW,8245,684335,49,92,2,2023
Player_491,42,67,68,Juventus,Germany,RB,3165,297510,93,90,5,2020
Player_492,38,77,91,Atletico Madrid,Belgium,CAM,75879,1062306,58,76,1,2021
Player_493,42,88,99,Atletico Madrid,Brazil,CAM,30790,338690,72,81,4,2022
Player_494,42,87,90,Bayern Munich,Argentina,LW,2996,92876,67,79,1,2020
Player_495,38,61,66,Chelsea,Italy,CM,263596,31895116,56,52,4,2020
Player_496,33,77,87,Chelsea,Netherlands,LB,2975,196350,48,70,5,2020
Player_497,36,70,80,Chelsea,Romania,CM,59377,4453275,43,86,5,2022
Player_498,26,80,82,PSG,Italy,CDM,205764,17078412,71,92,1,2019
Player_499,22,75,75,Arsenal,Germany,CM,13667,1462369,47,59,4,2024
Player_500,31,48,61,Chelsea,Argentina,ST,7672,1173816,52,77,5,2025
